carrier_id,total_shipments,delivered_shipments,on_time_shipments,delayed_deliveries,delivery_rate_pct,on_time_delivery_rate_pct,avg_delivery_hours,total_freight_amount_inr
C002,14034,10919,8390,2529,77.80,76.84,39.30,16541400
C001,13981,10962,8365,2597,78.41,76.31,39.39,16464699.88
C006,13940,10868,8267,2601,77.96,76.07,39.39,16427808.86
C007,13906,10807,8277,2530,77.71,76.59,39.40,16349468.14
C003,9504,7447,5633,1814,78.36,75.64,17.73,14460180.01
C005,9310,7242,5594,1648,77.79,77.24,17.82,14171544.84
C009,9255,7239,5518,1721,78.22,76.23,17.76,14128052.75
C008,7981,6187,4036,2151,77.52,65.23,32.80,10051773.63
C004,7946,6258,4177,2081,78.76,66.75,32.56,9835807.85
