route_id,origin_hub_id,destination_hub_id,lane_label,service_level,transport_mode,distance_km,expected_transit_hours,route_band,active_status
R001,H002,H010,H002 → H010,EXPRESS,ROAD,1011.0,27.5,MEDIUM,ACTIVE
R002,H013,H009,H013 → H009,STANDARD,AIR,1325.0,16.0,LONG,ACTIVE
R003,H003,H009,H003 → H009,EXPRESS,ROAD,1002.0,29.6,MEDIUM,ACTIVE
R004,H005,H013,H005 → H013,PRIORITY,RAIL,2129.0,40.7,LONG,ACTIVE
R005,H006,H011,H006 → H011,STANDARD,AIR,2266.0,19.2,LONG,ACTIVE
R006,H013,H010,H013 → H010,STANDARD,ROAD,653.0,26.1,MEDIUM,ACTIVE
R007,H008,H011,H008 → H011,STANDARD,ROAD,2149.0,57.5,LONG,ACTIVE
R008,H012,H007,H012 → H007,EXPRESS,ROAD,1971.0,49.2,LONG,ACTIVE
R009,H010,H003,H010 → H003,STANDARD,ROAD,1906.0,54.3,LONG,ACTIVE
R010,H009,H001,H009 → H001,PRIORITY,RAIL,764.0,19.2,MEDIUM,ACTIVE
R011,H004,H006,H004 → H006,STANDARD,AIR,1721.0,14.3,LONG,ACTIVE
R012,H004,H003,H004 → H003,EXPRESS,ROAD,1563.0,43.1,LONG,ACTIVE
R013,H013,H006,H013 → H006,STANDARD,RAIL,631.0,22.7,MEDIUM,ACTIVE
R014,H011,H009,H011 → H009,EXPRESS,ROAD,1133.0,34.0,MEDIUM,ACTIVE
R015,H012,H002,H012 → H002,PRIORITY,ROAD,1018.0,29.3,MEDIUM,ACTIVE
R016,H012,H003,H012 → H003,PRIORITY,AIR,1595.0,12.3,LONG,ACTIVE
R017,H008,H007,H008 → H007,STANDARD,RAIL,2264.0,46.7,LONG,ACTIVE
R018,H004,H013,H004 → H013,PRIORITY,ROAD,1125.0,32.3,MEDIUM,ACTIVE
R019,H005,H002,H005 → H002,EXPRESS,AIR,1778.0,13.6,LONG,ACTIVE
R020,H002,H008,H002 → H008,PRIORITY,ROAD,1487.0,35.6,LONG,ACTIVE
R021,H011,H004,H011 → H004,EXPRESS,ROAD,1187.0,35.5,MEDIUM,ACTIVE
R022,H003,H013,H003 → H013,EXPRESS,AIR,777.0,10.3,MEDIUM,ACTIVE
R023,H005,H007,H005 → H007,STANDARD,AIR,2113.0,18.9,LONG,ACTIVE
R024,H012,H006,H012 → H006,EXPRESS,ROAD,1632.0,44.2,LONG,ACTIVE
R025,H007,H010,H007 → H010,STANDARD,AIR,1830.0,18.0,LONG,ACTIVE
R026,H003,H006,H003 → H006,EXPRESS,AIR,716.0,10.5,MEDIUM,ACTIVE
R027,H009,H008,H009 → H008,PRIORITY,RAIL,316.0,11.3,SHORT,ACTIVE
R028,H002,H003,H002 → H003,PRIORITY,RAIL,189.0,11.8,SHORT,ACTIVE
R029,H009,H013,H009 → H013,STANDARD,ROAD,2004.0,56.5,LONG,ACTIVE
R030,H006,H004,H006 → H004,STANDARD,AIR,1354.0,13.9,LONG,ACTIVE
R031,H004,H013,H004 → H013,STANDARD,AIR,1082.0,14.1,MEDIUM,ACTIVE
R032,H010,H008,H010 → H008,STANDARD,ROAD,969.0,33.5,MEDIUM,ACTIVE
R033,H003,H011,H003 → H011,EXPRESS,ROAD,710.0,24.5,MEDIUM,ACTIVE
R034,H005,H011,H005 → H011,EXPRESS,ROAD,1121.0,29.5,MEDIUM,ACTIVE
R035,H010,H002,H010 → H002,EXPRESS,ROAD,1108.0,32.1,MEDIUM,ACTIVE
R036,H003,H005,H003 → H005,EXPRESS,RAIL,1935.0,41.5,LONG,ACTIVE
R037,H004,H012,H004 → H012,STANDARD,ROAD,257.0,16.2,SHORT,ACTIVE
R038,H011,H008,H011 → H008,EXPRESS,ROAD,1020.0,29.2,MEDIUM,ACTIVE
R039,H011,H012,H011 → H012,EXPRESS,ROAD,1074.0,29.5,MEDIUM,ACTIVE
R040,H002,H001,H002 → H001,EXPRESS,ROAD,537.0,19.4,MEDIUM,ACTIVE
R041,H007,H006,H007 → H006,STANDARD,RAIL,736.0,23.0,MEDIUM,ACTIVE
R042,H006,H009,H006 → H009,EXPRESS,AIR,831.0,12.9,MEDIUM,ACTIVE
R043,H011,H007,H011 → H007,EXPRESS,AIR,2354.0,14.6,LONG,ACTIVE
R044,H002,H013,H002 → H013,PRIORITY,RAIL,1864.0,37.1,LONG,ACTIVE
R045,H011,H006,H011 → H006,STANDARD,AIR,2262.0,19.2,LONG,ACTIVE
R046,H001,H008,H001 → H008,STANDARD,ROAD,838.0,32.1,MEDIUM,ACTIVE
R047,H010,H004,H010 → H004,PRIORITY,AIR,1757.0,10.5,LONG,ACTIVE
R048,H005,H012,H005 → H012,EXPRESS,RAIL,845.0,21.2,MEDIUM,ACTIVE
R049,H003,H012,H003 → H012,STANDARD,ROAD,1794.0,48.1,LONG,ACTIVE
R050,H001,H003,H001 → H003,STANDARD,ROAD,177.0,17.2,SHORT,ACTIVE
R051,H002,H003,H002 → H003,EXPRESS,ROAD,469.0,16.5,SHORT,ACTIVE
R052,H006,H004,H006 → H004,EXPRESS,RAIL,1319.0,30.2,LONG,ACTIVE
R053,H002,H003,H002 → H003,STANDARD,ROAD,354.0,19.9,SHORT,ACTIVE
R054,H010,H004,H010 → H004,EXPRESS,ROAD,1921.0,50.9,LONG,ACTIVE
R055,H006,H003,H006 → H003,STANDARD,AIR,2100.0,15.5,LONG,ACTIVE
R056,H002,H009,H002 → H009,STANDARD,AIR,1851.0,16.0,LONG,ACTIVE
R057,H004,H010,H004 → H010,EXPRESS,AIR,1249.0,13.8,LONG,ACTIVE
R058,H008,H013,H008 → H013,STANDARD,ROAD,836.0,27.8,MEDIUM,ACTIVE
R059,H003,H008,H003 → H008,EXPRESS,AIR,1415.0,10.5,LONG,ACTIVE
R060,H006,H001,H006 → H001,PRIORITY,AIR,1322.0,9.9,LONG,ACTIVE
R061,H008,H003,H008 → H003,EXPRESS,ROAD,2073.0,49.9,LONG,ACTIVE
R062,H002,H006,H002 → H006,PRIORITY,ROAD,1314.0,36.3,LONG,ACTIVE
R063,H009,H004,H009 → H004,STANDARD,ROAD,699.0,25.0,MEDIUM,ACTIVE
R064,H004,H009,H004 → H009,EXPRESS,ROAD,1151.0,33.7,MEDIUM,ACTIVE
R065,H013,H011,H013 → H011,STANDARD,ROAD,1363.0,41.6,LONG,ACTIVE
R066,H002,H008,H002 → H008,STANDARD,AIR,1440.0,15.8,LONG,ACTIVE
R067,H011,H002,H011 → H002,EXPRESS,ROAD,363.0,16.7,SHORT,ACTIVE
R068,H004,H006,H004 → H006,EXPRESS,ROAD,1633.0,43.7,LONG,ACTIVE
R069,H002,H013,H002 → H013,EXPRESS,ROAD,2299.0,55.0,LONG,ACTIVE
R070,H005,H012,H005 → H012,STANDARD,ROAD,290.0,20.2,SHORT,ACTIVE
R071,H009,H008,H009 → H008,EXPRESS,ROAD,222.0,14.5,SHORT,ACTIVE
R072,H007,H006,H007 → H006,EXPRESS,ROAD,439.0,18.9,SHORT,ACTIVE
R073,H013,H003,H013 → H003,STANDARD,RAIL,1370.0,36.3,LONG,ACTIVE
R074,H011,H012,H011 → H012,STANDARD,ROAD,1689.0,49.9,LONG,ACTIVE
R075,H006,H012,H006 → H012,PRIORITY,RAIL,1184.0,24.9,MEDIUM,ACTIVE
R076,H010,H005,H010 → H005,STANDARD,RAIL,1181.0,31.7,MEDIUM,ACTIVE
R077,H013,H006,H013 → H006,PRIORITY,ROAD,401.0,16.2,SHORT,ACTIVE
R078,H004,H007,H004 → H007,EXPRESS,RAIL,1638.0,33.2,LONG,ACTIVE
R079,H004,H013,H004 → H013,EXPRESS,ROAD,870.0,27.8,MEDIUM,ACTIVE
R080,H005,H006,H005 → H006,PRIORITY,AIR,1623.0,12.6,LONG,ACTIVE
R081,H006,H008,H006 → H008,STANDARD,ROAD,1909.0,50.7,LONG,ACTIVE
R082,H001,H011,H001 → H011,EXPRESS,ROAD,637.0,22.8,MEDIUM,ACTIVE
R083,H010,H008,H010 → H008,PRIORITY,AIR,2226.0,12.1,LONG,ACTIVE
R084,H005,H001,H005 → H001,PRIORITY,ROAD,1668.0,43.5,LONG,ACTIVE
R085,H005,H010,H005 → H010,STANDARD,ROAD,2226.0,59.4,LONG,ACTIVE
R086,H012,H004,H012 → H004,EXPRESS,AIR,666.0,10.7,MEDIUM,ACTIVE
R087,H005,H009,H005 → H009,STANDARD,AIR,2389.0,17.7,LONG,ACTIVE
R088,H006,H007,H006 → H007,STANDARD,ROAD,296.0,18.6,SHORT,ACTIVE
R089,H001,H007,H001 → H007,STANDARD,ROAD,2125.0,57.6,LONG,ACTIVE
R090,H010,H011,H010 → H011,STANDARD,ROAD,1695.0,45.8,LONG,ACTIVE
R091,H009,H010,H009 → H010,PRIORITY,ROAD,765.0,23.1,MEDIUM,ACTIVE
R092,H003,H001,H003 → H001,PRIORITY,ROAD,576.0,18.2,MEDIUM,ACTIVE
R093,H001,H012,H001 → H012,PRIORITY,ROAD,2074.0,50.9,LONG,ACTIVE
R094,H009,H004,H009 → H004,EXPRESS,AIR,1739.0,11.1,LONG,ACTIVE
R095,H003,H004,H003 → H004,EXPRESS,ROAD,1089.0,32.3,MEDIUM,ACTIVE
R096,H009,H005,H009 → H005,PRIORITY,AIR,2023.0,11.0,LONG,ACTIVE
R097,H011,H006,H011 → H006,EXPRESS,ROAD,2188.0,54.1,LONG,ACTIVE
R098,H007,H002,H007 → H002,EXPRESS,AIR,2003.0,12.7,LONG,ACTIVE
R099,H005,H006,H005 → H006,STANDARD,ROAD,1160.0,36.0,MEDIUM,ACTIVE
R100,H007,H013,H007 → H013,EXPRESS,RAIL,708.0,21.4,MEDIUM,ACTIVE
R993,H014,H001,H014 → H001,STANDARD,ROAD,500.0,15.0,MEDIUM,ACTIVE
R994,H003,H008,H003 → H008,OVERNIGHT,AIR,1500.0,9.0,LONG,ACTIVE
R997,H001,H001,H001 → H001,STANDARD,ROAD,450.0,12.0,SHORT,ACTIVE
