calendar_date,year,month_num,month_name,year_month,week_of_year,day_of_week,day_name,is_weekend
2026-01-01,2026,1,January,2026-01,1,5,Thursday,0
2026-01-02,2026,1,January,2026-01,1,6,Friday,0
2026-01-03,2026,1,January,2026-01,1,7,Saturday,1
2026-01-04,2026,1,January,2026-01,1,1,Sunday,1
2026-01-05,2026,1,January,2026-01,2,2,Monday,0
2026-01-06,2026,1,January,2026-01,2,3,Tuesday,0
2026-01-07,2026,1,January,2026-01,2,4,Wednesday,0
2026-01-08,2026,1,January,2026-01,2,5,Thursday,0
2026-01-09,2026,1,January,2026-01,2,6,Friday,0
2026-01-10,2026,1,January,2026-01,2,7,Saturday,1
2026-01-11,2026,1,January,2026-01,2,1,Sunday,1
2026-01-12,2026,1,January,2026-01,3,2,Monday,0
2026-01-13,2026,1,January,2026-01,3,3,Tuesday,0
2026-01-14,2026,1,January,2026-01,3,4,Wednesday,0
2026-01-15,2026,1,January,2026-01,3,5,Thursday,0
2026-01-16,2026,1,January,2026-01,3,6,Friday,0
2026-01-17,2026,1,January,2026-01,3,7,Saturday,1
2026-01-18,2026,1,January,2026-01,3,1,Sunday,1
2026-01-19,2026,1,January,2026-01,4,2,Monday,0
2026-01-20,2026,1,January,2026-01,4,3,Tuesday,0
2026-01-21,2026,1,January,2026-01,4,4,Wednesday,0
2026-01-22,2026,1,January,2026-01,4,5,Thursday,0
2026-01-23,2026,1,January,2026-01,4,6,Friday,0
2026-01-24,2026,1,January,2026-01,4,7,Saturday,1
2026-01-25,2026,1,January,2026-01,4,1,Sunday,1
2026-01-26,2026,1,January,2026-01,5,2,Monday,0
2026-01-27,2026,1,January,2026-01,5,3,Tuesday,0
2026-01-28,2026,1,January,2026-01,5,4,Wednesday,0
2026-01-29,2026,1,January,2026-01,5,5,Thursday,0
2026-01-30,2026,1,January,2026-01,5,6,Friday,0
2026-01-31,2026,1,January,2026-01,5,7,Saturday,1
2026-02-01,2026,2,February,2026-02,5,1,Sunday,1
2026-02-02,2026,2,February,2026-02,6,2,Monday,0
2026-02-03,2026,2,February,2026-02,6,3,Tuesday,0
2026-02-04,2026,2,February,2026-02,6,4,Wednesday,0
2026-02-05,2026,2,February,2026-02,6,5,Thursday,0
2026-02-06,2026,2,February,2026-02,6,6,Friday,0
2026-02-07,2026,2,February,2026-02,6,7,Saturday,1
2026-02-08,2026,2,February,2026-02,6,1,Sunday,1
2026-02-09,2026,2,February,2026-02,7,2,Monday,0
2026-02-10,2026,2,February,2026-02,7,3,Tuesday,0
2026-02-11,2026,2,February,2026-02,7,4,Wednesday,0
2026-02-12,2026,2,February,2026-02,7,5,Thursday,0
2026-02-13,2026,2,February,2026-02,7,6,Friday,0
2026-02-14,2026,2,February,2026-02,7,7,Saturday,1
2026-02-15,2026,2,February,2026-02,7,1,Sunday,1
2026-02-16,2026,2,February,2026-02,8,2,Monday,0
2026-02-17,2026,2,February,2026-02,8,3,Tuesday,0
2026-02-18,2026,2,February,2026-02,8,4,Wednesday,0
2026-02-19,2026,2,February,2026-02,8,5,Thursday,0
2026-02-20,2026,2,February,2026-02,8,6,Friday,0
2026-02-21,2026,2,February,2026-02,8,7,Saturday,1
2026-02-22,2026,2,February,2026-02,8,1,Sunday,1
2026-02-23,2026,2,February,2026-02,9,2,Monday,0
2026-02-24,2026,2,February,2026-02,9,3,Tuesday,0
2026-02-25,2026,2,February,2026-02,9,4,Wednesday,0
2026-02-26,2026,2,February,2026-02,9,5,Thursday,0
2026-02-27,2026,2,February,2026-02,9,6,Friday,0
2026-02-28,2026,2,February,2026-02,9,7,Saturday,1
2026-03-01,2026,3,March,2026-03,9,1,Sunday,1
2026-03-02,2026,3,March,2026-03,10,2,Monday,0
2026-03-03,2026,3,March,2026-03,10,3,Tuesday,0
2026-03-04,2026,3,March,2026-03,10,4,Wednesday,0
2026-03-05,2026,3,March,2026-03,10,5,Thursday,0
2026-03-06,2026,3,March,2026-03,10,6,Friday,0
2026-03-07,2026,3,March,2026-03,10,7,Saturday,1
2026-03-08,2026,3,March,2026-03,10,1,Sunday,1
2026-03-09,2026,3,March,2026-03,11,2,Monday,0
2026-03-10,2026,3,March,2026-03,11,3,Tuesday,0
2026-03-11,2026,3,March,2026-03,11,4,Wednesday,0
2026-03-12,2026,3,March,2026-03,11,5,Thursday,0
2026-03-13,2026,3,March,2026-03,11,6,Friday,0
2026-03-14,2026,3,March,2026-03,11,7,Saturday,1
2026-03-15,2026,3,March,2026-03,11,1,Sunday,1
2026-03-16,2026,3,March,2026-03,12,2,Monday,0
2026-03-17,2026,3,March,2026-03,12,3,Tuesday,0
2026-03-18,2026,3,March,2026-03,12,4,Wednesday,0
2026-03-19,2026,3,March,2026-03,12,5,Thursday,0
2026-03-20,2026,3,March,2026-03,12,6,Friday,0
2026-03-21,2026,3,March,2026-03,12,7,Saturday,1
2026-03-22,2026,3,March,2026-03,12,1,Sunday,1
2026-03-23,2026,3,March,2026-03,13,2,Monday,0
2026-03-24,2026,3,March,2026-03,13,3,Tuesday,0
2026-03-25,2026,3,March,2026-03,13,4,Wednesday,0
2026-03-26,2026,3,March,2026-03,13,5,Thursday,0
2026-03-27,2026,3,March,2026-03,13,6,Friday,0
2026-03-28,2026,3,March,2026-03,13,7,Saturday,1
2026-03-29,2026,3,March,2026-03,13,1,Sunday,1
2026-03-30,2026,3,March,2026-03,14,2,Monday,0
2026-03-31,2026,3,March,2026-03,14,3,Tuesday,0
2026-04-01,2026,4,April,2026-04,14,4,Wednesday,0
2026-04-02,2026,4,April,2026-04,14,5,Thursday,0
2026-04-03,2026,4,April,2026-04,14,6,Friday,0
2026-04-04,2026,4,April,2026-04,14,7,Saturday,1
2026-04-05,2026,4,April,2026-04,14,1,Sunday,1
2026-04-06,2026,4,April,2026-04,15,2,Monday,0
2026-04-07,2026,4,April,2026-04,15,3,Tuesday,0
2026-04-08,2026,4,April,2026-04,15,4,Wednesday,0
2026-04-09,2026,4,April,2026-04,15,5,Thursday,0
2026-04-10,2026,4,April,2026-04,15,6,Friday,0
2026-04-11,2026,4,April,2026-04,15,7,Saturday,1
2026-04-12,2026,4,April,2026-04,15,1,Sunday,1
2026-04-13,2026,4,April,2026-04,16,2,Monday,0
2026-04-14,2026,4,April,2026-04,16,3,Tuesday,0
2026-04-15,2026,4,April,2026-04,16,4,Wednesday,0
2026-04-16,2026,4,April,2026-04,16,5,Thursday,0
2026-04-17,2026,4,April,2026-04,16,6,Friday,0
2026-04-18,2026,4,April,2026-04,16,7,Saturday,1
2026-04-19,2026,4,April,2026-04,16,1,Sunday,1
2026-04-20,2026,4,April,2026-04,17,2,Monday,0
2026-04-21,2026,4,April,2026-04,17,3,Tuesday,0
2026-04-22,2026,4,April,2026-04,17,4,Wednesday,0
2026-04-23,2026,4,April,2026-04,17,5,Thursday,0
2026-04-24,2026,4,April,2026-04,17,6,Friday,0
2026-04-25,2026,4,April,2026-04,17,7,Saturday,1
2026-04-26,2026,4,April,2026-04,17,1,Sunday,1
2026-04-27,2026,4,April,2026-04,18,2,Monday,0
2026-04-28,2026,4,April,2026-04,18,3,Tuesday,0
2026-04-29,2026,4,April,2026-04,18,4,Wednesday,0
2026-04-30,2026,4,April,2026-04,18,5,Thursday,0
2026-05-01,2026,5,May,2026-05,18,6,Friday,0
2026-05-02,2026,5,May,2026-05,18,7,Saturday,1
2026-05-03,2026,5,May,2026-05,18,1,Sunday,1
2026-05-04,2026,5,May,2026-05,19,2,Monday,0
2026-05-05,2026,5,May,2026-05,19,3,Tuesday,0
2026-05-06,2026,5,May,2026-05,19,4,Wednesday,0
2026-05-07,2026,5,May,2026-05,19,5,Thursday,0
2026-05-08,2026,5,May,2026-05,19,6,Friday,0
2026-05-09,2026,5,May,2026-05,19,7,Saturday,1
2026-05-10,2026,5,May,2026-05,19,1,Sunday,1
2026-05-11,2026,5,May,2026-05,20,2,Monday,0
2026-05-12,2026,5,May,2026-05,20,3,Tuesday,0
2026-05-13,2026,5,May,2026-05,20,4,Wednesday,0
2026-05-14,2026,5,May,2026-05,20,5,Thursday,0
2026-05-15,2026,5,May,2026-05,20,6,Friday,0
2026-05-16,2026,5,May,2026-05,20,7,Saturday,1
2026-05-17,2026,5,May,2026-05,20,1,Sunday,1
2026-05-18,2026,5,May,2026-05,21,2,Monday,0
2026-05-19,2026,5,May,2026-05,21,3,Tuesday,0
2026-05-20,2026,5,May,2026-05,21,4,Wednesday,0
2026-05-21,2026,5,May,2026-05,21,5,Thursday,0
2026-05-22,2026,5,May,2026-05,21,6,Friday,0
2026-05-23,2026,5,May,2026-05,21,7,Saturday,1
2026-05-24,2026,5,May,2026-05,21,1,Sunday,1
2026-05-25,2026,5,May,2026-05,22,2,Monday,0
2026-05-26,2026,5,May,2026-05,22,3,Tuesday,0
2026-05-27,2026,5,May,2026-05,22,4,Wednesday,0
2026-05-28,2026,5,May,2026-05,22,5,Thursday,0
2026-05-29,2026,5,May,2026-05,22,6,Friday,0
2026-05-30,2026,5,May,2026-05,22,7,Saturday,1
2026-05-31,2026,5,May,2026-05,22,1,Sunday,1
2026-06-01,2026,6,June,2026-06,23,2,Monday,0
2026-06-02,2026,6,June,2026-06,23,3,Tuesday,0
2026-06-03,2026,6,June,2026-06,23,4,Wednesday,0
2026-06-04,2026,6,June,2026-06,23,5,Thursday,0
2026-06-05,2026,6,June,2026-06,23,6,Friday,0
2026-06-06,2026,6,June,2026-06,23,7,Saturday,1
2026-06-07,2026,6,June,2026-06,23,1,Sunday,1
2026-06-08,2026,6,June,2026-06,24,2,Monday,0
2026-06-09,2026,6,June,2026-06,24,3,Tuesday,0
2026-06-10,2026,6,June,2026-06,24,4,Wednesday,0
2026-06-11,2026,6,June,2026-06,24,5,Thursday,0
2026-06-12,2026,6,June,2026-06,24,6,Friday,0
2026-06-13,2026,6,June,2026-06,24,7,Saturday,1
2026-06-14,2026,6,June,2026-06,24,1,Sunday,1
2026-06-15,2026,6,June,2026-06,25,2,Monday,0
2026-06-16,2026,6,June,2026-06,25,3,Tuesday,0
2026-06-17,2026,6,June,2026-06,25,4,Wednesday,0
2026-06-18,2026,6,June,2026-06,25,5,Thursday,0
2026-06-19,2026,6,June,2026-06,25,6,Friday,0
2026-06-20,2026,6,June,2026-06,25,7,Saturday,1
2026-06-21,2026,6,June,2026-06,25,1,Sunday,1
2026-06-22,2026,6,June,2026-06,26,2,Monday,0
2026-06-23,2026,6,June,2026-06,26,3,Tuesday,0
2026-06-24,2026,6,June,2026-06,26,4,Wednesday,0
2026-06-25,2026,6,June,2026-06,26,5,Thursday,0
2026-06-26,2026,6,June,2026-06,26,6,Friday,0
2026-06-27,2026,6,June,2026-06,26,7,Saturday,1
2026-06-28,2026,6,June,2026-06,26,1,Sunday,1
2026-06-29,2026,6,June,2026-06,27,2,Monday,0
2026-06-30,2026,6,June,2026-06,27,3,Tuesday,0
2026-07-01,2026,7,July,2026-07,27,4,Wednesday,0
2026-07-02,2026,7,July,2026-07,27,5,Thursday,0
2026-07-03,2026,7,July,2026-07,27,6,Friday,0
2026-07-04,2026,7,July,2026-07,27,7,Saturday,1
2026-07-05,2026,7,July,2026-07,27,1,Sunday,1
2026-07-06,2026,7,July,2026-07,28,2,Monday,0
2026-07-07,2026,7,July,2026-07,28,3,Tuesday,0
2026-07-08,2026,7,July,2026-07,28,4,Wednesday,0
2026-07-09,2026,7,July,2026-07,28,5,Thursday,0
2026-07-10,2026,7,July,2026-07,28,6,Friday,0
2026-07-11,2026,7,July,2026-07,28,7,Saturday,1
2026-07-12,2026,7,July,2026-07,28,1,Sunday,1
2026-07-13,2026,7,July,2026-07,29,2,Monday,0
2026-07-14,2026,7,July,2026-07,29,3,Tuesday,0
2026-07-15,2026,7,July,2026-07,29,4,Wednesday,0
2026-07-16,2026,7,July,2026-07,29,5,Thursday,0
2026-07-17,2026,7,July,2026-07,29,6,Friday,0
2026-07-18,2026,7,July,2026-07,29,7,Saturday,1
2026-07-19,2026,7,July,2026-07,29,1,Sunday,1
2026-07-20,2026,7,July,2026-07,30,2,Monday,0
2026-07-21,2026,7,July,2026-07,30,3,Tuesday,0
2026-07-22,2026,7,July,2026-07,30,4,Wednesday,0
2026-07-23,2026,7,July,2026-07,30,5,Thursday,0
2026-07-24,2026,7,July,2026-07,30,6,Friday,0
2026-07-25,2026,7,July,2026-07,30,7,Saturday,1
2026-07-26,2026,7,July,2026-07,30,1,Sunday,1
2026-07-27,2026,7,July,2026-07,31,2,Monday,0
2026-07-28,2026,7,July,2026-07,31,3,Tuesday,0
2026-07-29,2026,7,July,2026-07,31,4,Wednesday,0
2026-07-30,2026,7,July,2026-07,31,5,Thursday,0
2026-07-31,2026,7,July,2026-07,31,6,Friday,0
2026-08-01,2026,8,August,2026-08,31,7,Saturday,1
2026-08-02,2026,8,August,2026-08,31,1,Sunday,1
2026-08-03,2026,8,August,2026-08,32,2,Monday,0
2026-08-04,2026,8,August,2026-08,32,3,Tuesday,0
2026-08-05,2026,8,August,2026-08,32,4,Wednesday,0
2026-08-06,2026,8,August,2026-08,32,5,Thursday,0
2026-08-07,2026,8,August,2026-08,32,6,Friday,0
2026-08-08,2026,8,August,2026-08,32,7,Saturday,1
2026-08-09,2026,8,August,2026-08,32,1,Sunday,1
2026-08-10,2026,8,August,2026-08,33,2,Monday,0
2026-08-11,2026,8,August,2026-08,33,3,Tuesday,0
2026-08-12,2026,8,August,2026-08,33,4,Wednesday,0
2026-08-13,2026,8,August,2026-08,33,5,Thursday,0
2026-08-14,2026,8,August,2026-08,33,6,Friday,0
2026-08-15,2026,8,August,2026-08,33,7,Saturday,1
2026-08-16,2026,8,August,2026-08,33,1,Sunday,1
2026-08-17,2026,8,August,2026-08,34,2,Monday,0
2026-08-18,2026,8,August,2026-08,34,3,Tuesday,0
2026-08-19,2026,8,August,2026-08,34,4,Wednesday,0
2026-08-20,2026,8,August,2026-08,34,5,Thursday,0
2026-08-21,2026,8,August,2026-08,34,6,Friday,0
2026-08-22,2026,8,August,2026-08,34,7,Saturday,1
2026-08-23,2026,8,August,2026-08,34,1,Sunday,1
2026-08-24,2026,8,August,2026-08,35,2,Monday,0
2026-08-25,2026,8,August,2026-08,35,3,Tuesday,0
2026-08-26,2026,8,August,2026-08,35,4,Wednesday,0
2026-08-27,2026,8,August,2026-08,35,5,Thursday,0
2026-08-28,2026,8,August,2026-08,35,6,Friday,0
2026-08-29,2026,8,August,2026-08,35,7,Saturday,1
2026-08-30,2026,8,August,2026-08,35,1,Sunday,1
2026-08-31,2026,8,August,2026-08,36,2,Monday,0
2026-09-01,2026,9,September,2026-09,36,3,Tuesday,0
2026-09-02,2026,9,September,2026-09,36,4,Wednesday,0
2026-09-03,2026,9,September,2026-09,36,5,Thursday,0
2026-09-04,2026,9,September,2026-09,36,6,Friday,0
2026-09-05,2026,9,September,2026-09,36,7,Saturday,1
2026-09-06,2026,9,September,2026-09,36,1,Sunday,1
2026-09-07,2026,9,September,2026-09,37,2,Monday,0
2026-09-08,2026,9,September,2026-09,37,3,Tuesday,0
2026-09-09,2026,9,September,2026-09,37,4,Wednesday,0
2026-09-10,2026,9,September,2026-09,37,5,Thursday,0
2026-09-11,2026,9,September,2026-09,37,6,Friday,0
2026-09-12,2026,9,September,2026-09,37,7,Saturday,1
2026-09-13,2026,9,September,2026-09,37,1,Sunday,1
2026-09-14,2026,9,September,2026-09,38,2,Monday,0
2026-09-15,2026,9,September,2026-09,38,3,Tuesday,0
2026-09-16,2026,9,September,2026-09,38,4,Wednesday,0
2026-09-17,2026,9,September,2026-09,38,5,Thursday,0
2026-09-18,2026,9,September,2026-09,38,6,Friday,0
2026-09-19,2026,9,September,2026-09,38,7,Saturday,1
2026-09-20,2026,9,September,2026-09,38,1,Sunday,1
2026-09-21,2026,9,September,2026-09,39,2,Monday,0
2026-09-22,2026,9,September,2026-09,39,3,Tuesday,0
2026-09-23,2026,9,September,2026-09,39,4,Wednesday,0
2026-09-24,2026,9,September,2026-09,39,5,Thursday,0
2026-09-25,2026,9,September,2026-09,39,6,Friday,0
2026-09-26,2026,9,September,2026-09,39,7,Saturday,1
2026-09-27,2026,9,September,2026-09,39,1,Sunday,1
2026-09-28,2026,9,September,2026-09,40,2,Monday,0
2026-09-29,2026,9,September,2026-09,40,3,Tuesday,0
2026-09-30,2026,9,September,2026-09,40,4,Wednesday,0
2026-10-01,2026,10,October,2026-10,40,5,Thursday,0
2026-10-02,2026,10,October,2026-10,40,6,Friday,0
2026-10-03,2026,10,October,2026-10,40,7,Saturday,1
2026-10-04,2026,10,October,2026-10,40,1,Sunday,1
2026-10-05,2026,10,October,2026-10,41,2,Monday,0
2026-10-06,2026,10,October,2026-10,41,3,Tuesday,0
2026-10-07,2026,10,October,2026-10,41,4,Wednesday,0
2026-10-08,2026,10,October,2026-10,41,5,Thursday,0
2026-10-09,2026,10,October,2026-10,41,6,Friday,0
2026-10-10,2026,10,October,2026-10,41,7,Saturday,1
2026-10-11,2026,10,October,2026-10,41,1,Sunday,1
2026-10-12,2026,10,October,2026-10,42,2,Monday,0
2026-10-13,2026,10,October,2026-10,42,3,Tuesday,0
2026-10-14,2026,10,October,2026-10,42,4,Wednesday,0
2026-10-15,2026,10,October,2026-10,42,5,Thursday,0
2026-10-16,2026,10,October,2026-10,42,6,Friday,0
2026-10-17,2026,10,October,2026-10,42,7,Saturday,1
2026-10-18,2026,10,October,2026-10,42,1,Sunday,1
2026-10-19,2026,10,October,2026-10,43,2,Monday,0
2026-10-20,2026,10,October,2026-10,43,3,Tuesday,0
2026-10-21,2026,10,October,2026-10,43,4,Wednesday,0
2026-10-22,2026,10,October,2026-10,43,5,Thursday,0
2026-10-23,2026,10,October,2026-10,43,6,Friday,0
2026-10-24,2026,10,October,2026-10,43,7,Saturday,1
2026-10-25,2026,10,October,2026-10,43,1,Sunday,1
2026-10-26,2026,10,October,2026-10,44,2,Monday,0
2026-10-27,2026,10,October,2026-10,44,3,Tuesday,0
2026-10-28,2026,10,October,2026-10,44,4,Wednesday,0
2026-10-29,2026,10,October,2026-10,44,5,Thursday,0
2026-10-30,2026,10,October,2026-10,44,6,Friday,0
2026-10-31,2026,10,October,2026-10,44,7,Saturday,1
2026-11-01,2026,11,November,2026-11,44,1,Sunday,1
2026-11-02,2026,11,November,2026-11,45,2,Monday,0
2026-11-03,2026,11,November,2026-11,45,3,Tuesday,0
2026-11-04,2026,11,November,2026-11,45,4,Wednesday,0
2026-11-05,2026,11,November,2026-11,45,5,Thursday,0
2026-11-06,2026,11,November,2026-11,45,6,Friday,0
2026-11-07,2026,11,November,2026-11,45,7,Saturday,1
2026-11-08,2026,11,November,2026-11,45,1,Sunday,1
2026-11-09,2026,11,November,2026-11,46,2,Monday,0
2026-11-10,2026,11,November,2026-11,46,3,Tuesday,0
2026-11-11,2026,11,November,2026-11,46,4,Wednesday,0
2026-11-12,2026,11,November,2026-11,46,5,Thursday,0
2026-11-13,2026,11,November,2026-11,46,6,Friday,0
2026-11-14,2026,11,November,2026-11,46,7,Saturday,1
2026-11-15,2026,11,November,2026-11,46,1,Sunday,1
2026-11-16,2026,11,November,2026-11,47,2,Monday,0
2026-11-17,2026,11,November,2026-11,47,3,Tuesday,0
2026-11-18,2026,11,November,2026-11,47,4,Wednesday,0
2026-11-19,2026,11,November,2026-11,47,5,Thursday,0
2026-11-20,2026,11,November,2026-11,47,6,Friday,0
2026-11-21,2026,11,November,2026-11,47,7,Saturday,1
2026-11-22,2026,11,November,2026-11,47,1,Sunday,1
2026-11-23,2026,11,November,2026-11,48,2,Monday,0
2026-11-24,2026,11,November,2026-11,48,3,Tuesday,0
2026-11-25,2026,11,November,2026-11,48,4,Wednesday,0
2026-11-26,2026,11,November,2026-11,48,5,Thursday,0
2026-11-27,2026,11,November,2026-11,48,6,Friday,0
2026-11-28,2026,11,November,2026-11,48,7,Saturday,1
2026-11-29,2026,11,November,2026-11,48,1,Sunday,1
2026-11-30,2026,11,November,2026-11,49,2,Monday,0
2026-12-01,2026,12,December,2026-12,49,3,Tuesday,0
2026-12-02,2026,12,December,2026-12,49,4,Wednesday,0
2026-12-03,2026,12,December,2026-12,49,5,Thursday,0
2026-12-04,2026,12,December,2026-12,49,6,Friday,0
2026-12-05,2026,12,December,2026-12,49,7,Saturday,1
2026-12-06,2026,12,December,2026-12,49,1,Sunday,1
2026-12-07,2026,12,December,2026-12,50,2,Monday,0
2026-12-08,2026,12,December,2026-12,50,3,Tuesday,0
2026-12-09,2026,12,December,2026-12,50,4,Wednesday,0
2026-12-10,2026,12,December,2026-12,50,5,Thursday,0
2026-12-11,2026,12,December,2026-12,50,6,Friday,0
2026-12-12,2026,12,December,2026-12,50,7,Saturday,1
2026-12-13,2026,12,December,2026-12,50,1,Sunday,1
2026-12-14,2026,12,December,2026-12,51,2,Monday,0
2026-12-15,2026,12,December,2026-12,51,3,Tuesday,0
2026-12-16,2026,12,December,2026-12,51,4,Wednesday,0
2026-12-17,2026,12,December,2026-12,51,5,Thursday,0
2026-12-18,2026,12,December,2026-12,51,6,Friday,0
2026-12-19,2026,12,December,2026-12,51,7,Saturday,1
2026-12-20,2026,12,December,2026-12,51,1,Sunday,1
2026-12-21,2026,12,December,2026-12,52,2,Monday,0
2026-12-22,2026,12,December,2026-12,52,3,Tuesday,0
2026-12-23,2026,12,December,2026-12,52,4,Wednesday,0
2026-12-24,2026,12,December,2026-12,52,5,Thursday,0
2026-12-25,2026,12,December,2026-12,52,6,Friday,0
2026-12-26,2026,12,December,2026-12,52,7,Saturday,1
2026-12-27,2026,12,December,2026-12,52,1,Sunday,1
2026-12-28,2026,12,December,2026-12,53,2,Monday,0
2026-12-29,2026,12,December,2026-12,53,3,Tuesday,0
2026-12-30,2026,12,December,2026-12,53,4,Wednesday,0
2026-12-31,2026,12,December,2026-12,53,5,Thursday,0
