snapshot_date,latest_status,ageing_band,exception_type,shipment_count
2026-09-29,AT_HUB,15_PLUS_DAYS,ADDRESS_ISSUE,95
2026-09-29,AT_HUB,15_PLUS_DAYS,CAPACITY,95
2026-09-29,AT_HUB,15_PLUS_DAYS,CUSTOMS,82
2026-09-29,AT_HUB,15_PLUS_DAYS,MISSED_CONNECTION,89
2026-09-29,AT_HUB,15_PLUS_DAYS,NO_EXCEPTION,4339
2026-09-29,AT_HUB,15_PLUS_DAYS,OTHER,95
2026-09-29,AT_HUB,15_PLUS_DAYS,PACKAGE_DAMAGED,87
2026-09-29,AT_HUB,15_PLUS_DAYS,WEATHER,72
2026-09-29,CANCELLED,15_PLUS_DAYS,ADDRESS_ISSUE,18
2026-09-29,CANCELLED,15_PLUS_DAYS,CAPACITY,17
2026-09-29,CANCELLED,15_PLUS_DAYS,CUSTOMS,19
2026-09-29,CANCELLED,15_PLUS_DAYS,MISSED_CONNECTION,10
2026-09-29,CANCELLED,15_PLUS_DAYS,NO_EXCEPTION,2416
2026-09-29,CANCELLED,15_PLUS_DAYS,OTHER,15
2026-09-29,CANCELLED,15_PLUS_DAYS,PACKAGE_DAMAGED,22
2026-09-29,CANCELLED,15_PLUS_DAYS,WEATHER,15
2026-09-29,DELIVERED,0_2_DAYS,ADDRESS_ISSUE,1295
2026-09-29,DELIVERED,0_2_DAYS,CAPACITY,1291
2026-09-29,DELIVERED,0_2_DAYS,CUSTOMS,1280
2026-09-29,DELIVERED,0_2_DAYS,MISSED_CONNECTION,1344
2026-09-29,DELIVERED,0_2_DAYS,NO_EXCEPTION,68763
2026-09-29,DELIVERED,0_2_DAYS,OTHER,1331
2026-09-29,DELIVERED,0_2_DAYS,PACKAGE_DAMAGED,1303
2026-09-29,DELIVERED,0_2_DAYS,WEATHER,1322
2026-09-29,IN_TRANSIT,15_PLUS_DAYS,ADDRESS_ISSUE,123
2026-09-29,IN_TRANSIT,15_PLUS_DAYS,CAPACITY,104
2026-09-29,IN_TRANSIT,15_PLUS_DAYS,CUSTOMS,115
2026-09-29,IN_TRANSIT,15_PLUS_DAYS,MISSED_CONNECTION,129
2026-09-29,IN_TRANSIT,15_PLUS_DAYS,NO_EXCEPTION,6061
2026-09-29,IN_TRANSIT,15_PLUS_DAYS,OTHER,106
2026-09-29,IN_TRANSIT,15_PLUS_DAYS,PACKAGE_DAMAGED,142
2026-09-29,IN_TRANSIT,15_PLUS_DAYS,WEATHER,126
2026-09-29,OUT_FOR_DELIVERY,15_PLUS_DAYS,ADDRESS_ISSUE,62
2026-09-29,OUT_FOR_DELIVERY,15_PLUS_DAYS,CAPACITY,80
2026-09-29,OUT_FOR_DELIVERY,15_PLUS_DAYS,CUSTOMS,67
2026-09-29,OUT_FOR_DELIVERY,15_PLUS_DAYS,MISSED_CONNECTION,75
2026-09-29,OUT_FOR_DELIVERY,15_PLUS_DAYS,NO_EXCEPTION,3506
2026-09-29,OUT_FOR_DELIVERY,15_PLUS_DAYS,OTHER,70
2026-09-29,OUT_FOR_DELIVERY,15_PLUS_DAYS,PACKAGE_DAMAGED,70
2026-09-29,OUT_FOR_DELIVERY,15_PLUS_DAYS,WEATHER,68
2026-09-29,RETURNED,15_PLUS_DAYS,ADDRESS_ISSUE,516
2026-09-29,RETURNED,15_PLUS_DAYS,CAPACITY,504
2026-09-29,RETURNED,15_PLUS_DAYS,CUSTOMS,509
2026-09-29,RETURNED,15_PLUS_DAYS,MISSED_CONNECTION,490
2026-09-29,RETURNED,15_PLUS_DAYS,OTHER,482
2026-09-29,RETURNED,15_PLUS_DAYS,PACKAGE_DAMAGED,549
2026-09-29,RETURNED,15_PLUS_DAYS,WEATHER,488
